{
  "availabilities": [{"period_id":1,"total_days":365,"workdays":250,"weekend_days":105,"holidays":10},
{"period_id":1,"total_days":365,"workdays":251,"weekend_days":105,"holidays":9},
{"period_id":1,"total_days":365,"workdays":250,"weekend_days":105,"holidays":10},
{"period_id":2,"total_days":76,"workdays":51,"weekend_days":22,"holidays":3},
{"period_id":2,"total_days":76,"workdays":51,"weekend_days":22,"holidays":3},
{"period_id":2,"total_days":76,"workdays":50,"weekend_days":22,"holidays":4},
{"period_id":3,"total_days":15,"workdays":11,"weekend_days":4,"holidays":0},
{"period_id":3,"total_days":15,"workdays":11,"weekend_days":4,"holidays":0},
{"period_id":3,"total_days":15,"workdays":10,"weekend_days":4,"holidays":1}]
}
